index,entity_id,canonical_key,canonical_name_cn,canonical_name_en,project_type,developer,brand,project_family,parent_project,khan,sangkat,locality,primary_road,secondary_roads,canonical_geo_display,public_location_display_cn,market_positioning_cn,market_aliases_cn,search_aliases_cn,verification_status,source_1,source_2,source_3,notes
90,project:chip-mong-park-land-598,chip-mong-park-land-598,Chip Mong Park Land 598,Park Land 598,Borey/别墅社区,Chip Mong Land,Chip Mong,Chip Mong,,,,,Street 598,,,598路 · Chip Mong,598路;森速,598路;森速,Chip Mong Park Land 598;Park Land 598;598路;森速,PARTIAL,https://chipmongland.com/foundproperty/park-land-598/shop-house,,,
91,project:chip-mong-park-land-50m,chip-mong-park-land-50m,Chip Mong Park Land 50M,Park Land 50M,Borey/别墅社区,Chip Mong Land,Chip Mong,Chip Mong,,,,,50M Road,,,50米路 · Chip Mong,50米Chip Mong;Chamkar Dong,50米Chip Mong;Chamkar Dong,Chip Mong Park Land 50M;Park Land 50M;50米Chip Mong;Chamkar Dong,PARTIAL,https://www.api.cmld-qas.com/articles/news/Park-Land-50M/en,,,
92,project:chip-mong-park-land-sen-sok,chip-mong-park-land-sen-sok,Chip Mong Park Land Sen Sok,Park Land Sen Sok,Borey/别墅社区,Chip Mong Land,Chip Mong,Chip Mong,,,,,,,,森速 · Chip Mong,森速Chip Mong;永旺2方向,森速Chip Mong;永旺2方向,Chip Mong Park Land Sen Sok;Park Land Sen Sok;森速Chip Mong;永旺2方向,PARTIAL,https://khpropertyhub.com/en/developers/chip-mong-land,,,
93,project:chip-mong-park-land-tk,chip-mong-park-land-tk,Chip Mong Park Land TK,Park Land TK,Borey/住宅社区,Chip Mong Land,Chip Mong,Chip Mong,,,,,Oknha Mong Rithy Street,,,堆谷/森速 · Mong Rithy路,TK Chip Mong,TK Chip Mong,Chip Mong Park Land TK;Park Land TK;TK Chip Mong,PARTIAL,https://khpropertyhub.com/en/developers/chip-mong-land,,,
94,project:chip-mong-park-land-6a,chip-mong-park-land-6a,Chip Mong Park Land 6A,Park Land 6A,Borey/别墅社区,Chip Mong Land,Chip Mong,Chip Mong,,,,,National Road 6A,,,6A路 · Chip Mong,6A Chip Mong;水净华方向,6A Chip Mong;水净华方向,Chip Mong Park Land 6A;Park Land 6A;6A Chip Mong;水净华方向,PARTIAL,https://khpropertyhub.com/en/developers/chip-mong-land,,,
95,project:chip-mong-landmark-271,chip-mong-landmark-271,Chip Mong Landmark 271,Landmark 271,Borey/综合住宅社区,Chip Mong Land,Chip Mong,Chip Mong,,,,,Street 271,,,271路 · Chip Mong,271 Chip Mong;Chip Mong 271附近,271 Chip Mong;Chip Mong 271附近,Chip Mong Landmark 271;Landmark 271;271 Chip Mong;Chip Mong 271附近,PARTIAL,https://www.api.cmld-qas.com/articles/news/Park-Land-50M/en,,,
96,project:chip-mong-landmark-60m,chip-mong-landmark-60m,Chip Mong Landmark 60M,Landmark 60M,Borey/别墅社区,Chip Mong Land,Chip Mong,Chip Mong,,,,,Hun Sen Blvd / 60M,,,60米大道 · Chip Mong,60米Chip Mong;永旺3方向,60米Chip Mong;永旺3方向,Chip Mong Landmark 60M;Landmark 60M;60米Chip Mong;永旺3方向,PARTIAL,https://www.api.cmld-qas.com/articles/news/Park-Land-50M/en,,,
97,project:chip-mong-grand-phnom-penh-city,chip-mong-grand-phnom-penh-city,Chip Mong Grand Phnom Penh City,Grand Phnom Penh City,Borey/大型住宅社区,Chip Mong Land,Chip Mong,Chip Mong,,,,,,,,森速 · Grand Phnom Penh,Grand Phnom Penh;森速Chip Mong,Grand Phnom Penh;森速Chip Mong,Chip Mong Grand Phnom Penh City;Grand Phnom Penh City;Grand Phnom Penh;森速Chip Mong,PARTIAL,https://khpropertyhub.com/en/developers/chip-mong-land,,,
98,project:chip-mong-landriche-chamkar-dong,chip-mong-landriche-chamkar-dong,Chip Mong Land Riche Chamkar Dong,Land Riche Chamkar Dong,Borey/住宅社区,Chip Mong Land,Chip Mong,Chip Mong,,,,,Chamkar Dong Street,,,Chamkar Dong · Chip Mong,Chamkar Dong Chip Mong,Chamkar Dong Chip Mong,Chip Mong Land Riche Chamkar Dong;Land Riche Chamkar Dong;Chamkar Dong Chip Mong,PARTIAL,https://www.api.cmld-qas.com/articles/news/Park-Land-50M/en,,,
99,project:chip-mong-park-land-tk-condo,chip-mong-park-land-tk-condo,Chip Mong Park Land TK 公寓,Park Land TK Condo,公寓,Chip Mong Land,Chip Mong,Chip Mong,,,,,Oknha Mong Rithy Street,,,森速 · Mong Rithy路,TK Condo;森速Chip Mong公寓,TK Condo;森速Chip Mong公寓,Chip Mong Park Land TK 公寓;Park Land TK Condo;TK Condo;森速Chip Mong公寓,PARTIAL,https://www.realestate.com.kh/new-developments/chip-mong-park-land-tk-condo/,,,
100,project:new-world-kour-srov-1-2,new-world-kour-srov-1-2,新世界 Kour Srov 1&2,Borey New World Kour Srov 1&2,Borey/住宅社区,Borey New World,New World,New World,,Dangkao,Prek Kampeus,Kraing Svay,,,Prek Kampeus · Kour Srov,Kour Srov · 新世界,Kour Srov;Prek Kampeus,新世界Kour Srov;New World Kour Srov 1&2,新世界Kour Srov;New World Kour Srov 1&2,PARTIAL,https://www.sacombank.com.kh/en/sacombank-increases-housing-loan/,,,1&2在银行合作项目表中作为同一条目，暂不强拆。
101,project:new-world-kour-srov-3,new-world-kour-srov-3,新世界 Kour Srov 3,Borey New World Kour Srov 3,Borey/住宅社区,Borey New World,New World,New World,,Dangkao,Roluos,Roluos,,,Roluos · Kour Srov,Kour Srov · 新世界3,Kour Srov;Roluos,新世界3;New World Kour Srov 3,新世界3;New World Kour Srov 3;Kour Srov新世界,PARTIAL,https://www.sacombank.com.kh/en/sacombank-increases-housing-loan/,https://www.waze.com/live-map/directions/kh/phnom-penh/pp/borey-new-world-kour-srov-3?to=place.ChIJX23ie0dbCTERRH9y7-R-E_o,,
102,project:piphup-thmey-sen-sok,piphup-thmey-sen-sok,新世界生活/皮普特梅 Sen Sok社区,Borey Piphup Thmey Sen Sok,Borey/住宅社区,Borey Piphup Thmey,Piphup Thmey,Piphup Thmey,,Sen Sok,Phnom Penh Thmey,,,,森速 · 永旺2方向,森速;永旺2附近;Makro附近,森速Piphup Thmey;永旺2 Piphup Thmey,Piphup Thmey Sen Sok;森速Piphup Thmey;永旺2 Piphup Thmey,PARTIAL,https://camrealtyservice.com/boreys/pi-phup-thmey-sen-sok-aeon-mall-2/,https://www.knightfrank.com.kh/residential-real-estate-cambodia/phnom-penh-real-estate/borey-in-phnom-penh,,,
103,project:piphup-thmey-chamkar-dong,piphup-thmey-chamkar-dong,Piphup Thmey Chamkar Dong,Borey Piphup Thmey Chamkar Dong,Borey/住宅社区,Borey Piphup Thmey,Piphup Thmey,Piphup Thmey,,Dangkao,,,Chamkar Dong Street,,Chamkar Dong,Chamkar Dong · Piphup Thmey,Chamkar Dong,Chamkar Dong Piphup Thmey;Piphup Thmey Chamkar Dong,Piphup Thmey Chamkar Dong;Chamkar Dong Piphup Thmey,PARTIAL,https://www.knightfrank.com.kh/residential-real-estate-cambodia/phnom-penh-real-estate/borey-in-phnom-penh,https://www.ccc.org.kh/en/member-directory?business=18&entity=all&keyword=all&location=all&page=40&type=all,,
104,project:piphup-thmey-nr4,piphup-thmey-nr4,Piphup Thmey 4号路社区,Borey Piphup Thmey National Road 4,Borey/住宅社区,Borey Piphup Thmey,Piphup Thmey,Piphup Thmey,,Por Sen Chey / Kambol,,,National Road 4,,4号路 · Piphup Thmey,4号路Piphup Thmey,4号路,4号路Piphup Thmey;Piphup Thmey NR4,Piphup Thmey NR4;4号路Piphup Thmey,NEEDS_VERIFICATION,https://www.knightfrank.com.kh/residential-real-estate-cambodia/phnom-penh-real-estate/borey-in-phnom-penh,,,公开资料确认品牌在National Road 4有项目，但具体子项目命名仍需继续核。
105,project:chankiri-palm-creek,chankiri-palm-creek,Chankiri Palm Creek,Chankiri Palm Creek,Borey/别墅社区,Urbanland,Chankiri,Chankiri,,Dangkao,Prek Kampeus,,National Road 2,Hun Sen Blvd nearby,Prek Kampeus · 2号路,2号路 · 永旺3方向,2号路;永旺3方向;新机场方向,Chankiri;Palm Creek;永旺3 Chankiri,Chankiri Palm Creek;永旺3 Chankiri;2号路Chankiri,VERIFIED,https://urbanlandasia.com/assets/documents/Chankiri-Palm-Creek-E-Brochure-EN.pdf,https://www.realestate.com.kh/boreys/chankiri-palm-creek/,https://khpropertyhub.com/en/project/phnom-penh/borey-chankiri-PB-000972,
106,project:the-palms,the-palms,The Palms 棕榈社区,The Palms,Borey/别墅社区,Oxley Worldbridge,The Palms,Oxley Worldbridge,,Chbar Ampov,Veal Sbov / Nirouth,,National Road 1,,铁桥头 · 一号路 · 湄公河边,一号路;湄公河边;Norea桥附近,一号路The Palms;Norea附近The Palms;铁桥头The Palms,The Palms;棕榈社区;一号路The Palms;Norea附近The Palms,VERIFIED,https://www.oxley.com.sg/portfolio/the-palms/,https://camrealtyservice.com/boreys/the-palms/,https://www.realestate.com.kh/zh-hans/boreys/the-palms/,,