index,中文常用名,中文别名,英文/官方名,项目类型,住宅/写字楼/综合体属性,所属项目family,canonical project identity,原V3 project_id,identity_level,华人地理板块,canonical GEO,道路,中文位置展示,附近地标,搜索别名,是否一名多盘,verification_status,source_basis,source_urls,备注
80,TK Royal One,TK皇家一号,TK Royal One,写字楼,写字楼,皇家一号 / Royal One,project:tk-royal-one,project:tk-royal-one,PROJECT,06 堆谷 / 俄罗斯市场 / 2004路,"Tuek L'ak Muoy, Toul Kork, Phnom Penh",Russian Federation Blvd / St 122,堆谷｜俄罗斯大道｜TK Royal One,皇家大学、俄罗斯大道,TK皇家一号,否,VERIFIED,V3 Registry + Web verification,https://www.aps.com.kh/properties/tk-royal-one-grade-b-office-space-for-lease-khan-toul-kork/,当前证据支持其为写字楼；旧registry项目类型待核。
81,ONE 70（金边首座）,,ONE 70,公寓,住宅,,project:one-70,project:one-70,PROJECT,07 马卡拉 / 奥林匹克 / 万谷湖,Central Phnom Penh（精确GEO待核）,,ONE 70（金边首座）,,ONE 70；170；ONE70；One 70,否,PARTIAL,V3 Registry,,项目identity来自V3 registry。
82,Sky Villa（天空别墅）,天空别墅（易混天空树）,Sky Villa,公寓,住宅,,project:sky-villa,project:sky-villa,PROJECT,07 马卡拉 / 奥林匹克 / 万谷湖,Olympic / 7 Makara area,,奥林匹克｜Sky Villa,,Sky Villa；天空别墅（易混天空树）,否,PARTIAL,V3 Registry,,同名风险存在；需保留项目上下文。
83,天空树,,SKYTREE,公寓,住宅,,project:skytree,project:skytree,PROJECT,07 马卡拉 / 奥林匹克 / 万谷湖,Central Phnom Penh（精确GEO待核）,,天空树,,SKYTREE；Sky Tree,否,PARTIAL,V3 Registry,,勿与Sky Villa混淆。
84,奥林匹亚城,俄市方向；奥林匹克商圈；奥林匹克城；奥林匹亚,Olympia City,综合体,住宅+商业综合体,,project:olympia-city,project:olympia-city,PROJECT,07 马卡拉 / 奥林匹克 / 万谷湖,"Veal Vong, 7 Makara, Phnom Penh",,奥林匹克｜奥林匹亚城,奥林匹克体育场、乌亚西,Olympia City；俄市方向；奥林匹克商圈；奥林匹克城；奥林匹亚；Olympia,否,VERIFIED,V3 Registry + Web verification,https://www.ocic.com.kh/olympiacity/theolympiacondominium,
85,金边壹号 ONE PARK,堆谷方向；一公园,One Park,公寓 / 服务式公寓,住宅,,project:one-park,project:one-park,PROJECT,07 马卡拉 / 奥林匹克 / 万谷湖,Boeung Kak / Phnom Penh City Center area,,万谷湖｜金边壹号 ONE PARK,伊甸园、TK方向,One Park；One Park Residence；堆谷方向；一公园,否,PARTIAL,V3 Registry,,V3 identity明确；精确道路/行政字段本轮未复核。
86,皇家一号,,Royal One,待核,待核,皇家一号 / Royal One,project:royal-one,project:royal-one,PROJECT,07 马卡拉 / 奥林匹克 / 万谷湖,Central Phnom Penh（精确GEO待核）,,皇家一号,,Royal One,否,PARTIAL,V3 Registry,,与TK Royal One必须区分。
87,集茂598,598集茂,Chip Mong Park Land 598,Borey / 别墅社区,住宅,Chip Mong,project:chip-mong-park-land-598,project:chip-mong-park-land-598,PROJECT,08 森速 / 新金边 / 永旺2 / 598,Sen Sok / north Phnom Penh,Street 598,598路｜集茂598,商场/道路地标按项目具体位置,598集茂；Chip Mong Park Land 598；Park Land 598,否,VERIFIED,V3 Registry + Web verification,https://www.chipmongland.com/,Chip Mong裸词只到family；必须结合598/271/60M/50M/6A/TK/Sen Sok等。
88,集茂TK,,Chip Mong Park Land TK,Borey / 别墅社区,住宅,Chip Mong,project:chip-mong-park-land-tk,project:chip-mong-park-land-tk,PROJECT,08 森速 / 新金边 / 永旺2 / 598,Sen Sok / Toul Kork north corridor,Oknha Mong Reth Thy Road,TK北/森速｜集茂TK,商场/道路地标按项目具体位置,Chip Mong Park Land TK；Park Land TK；TK Chip Mong,否,PARTIAL,V3 Registry + Web verification,https://www.chipmongland.com/,Chip Mong裸词只到family；必须结合598/271/60M/50M/6A/TK/Sen Sok等。
89,集茂TK公寓,Chip Mong Park Land TK 公寓；森速Chip Mong公寓,Park Land TK Condo,公寓,住宅,Chip Mong,project:chip-mong-park-land-tk-condo,project:chip-mong-park-land-tk-condo,PROJECT,08 森速 / 新金边 / 永旺2 / 598,"Phnom Penh Thmey, Sen Sok",Oknha Mong Reth Thy Road,TK北/森速｜集茂TK公寓,商场/道路地标按项目具体位置,Chip Mong Park Land TK 公寓；Park Land TK Condo；TK Condo；森速Chip Mong公寓,否,VERIFIED,V3 Registry + Web verification,https://www.chipmongland.com/,Chip Mong裸词只到family；必须结合598/271/60M/50M/6A/TK/Sen Sok等。
90,集茂森速,森速集茂；森速Chip Mong,Chip Mong Park Land Sen Sok,Borey / 别墅社区,住宅,Chip Mong,project:chip-mong-park-land-sen-sok,project:chip-mong-park-land-sen-sok,PROJECT,08 森速 / 新金边 / 永旺2 / 598,"Phnom Penh Thmey, Sen Sok",Oknha Mong Reth Thy Road,新金边｜集茂森速,商场/道路地标按项目具体位置,森速集茂；Chip Mong Park Land Sen Sok；Park Land Sen Sok；森速Chip Mong,否,VERIFIED,V3 Registry + Web verification,https://www.chipmongland.com/,Chip Mong裸词只到family；必须结合598/271/60M/50M/6A/TK/Sen Sok等。
91,集茂金边大城,森速Chip Mong,Chip Mong Grand Phnom Penh City,Borey / 别墅社区,住宅,Chip Mong,project:chip-mong-grand-phnom-penh-city,project:chip-mong-grand-phnom-penh-city,PROJECT,08 森速 / 新金边 / 永旺2 / 598,"Sen Sok, Phnom Penh",Street 598,598路/森速｜集茂金边大城,商场/道路地标按项目具体位置,Chip Mong Grand Phnom Penh City；Grand Phnom Penh City；Grand Phnom Penh；森速Chip Mong,否,VERIFIED,V3 Registry + Web verification,https://www.chipmongland.com/,Chip Mong裸词只到family；必须结合598/271/60M/50M/6A/TK/Sen Sok等。
92,奥凯德 Pochentong,奥凯德Pochentong,Orkide Pochentong,Borey / 别墅社区,住宅,Orkide / 奥凯德 / Orkide,project:orkide-pochentong,project:orkide-pochentong,PROJECT,08 森速 / 新金边 / 永旺2 / 598,"Phnom Penh Thmey, Sen Sok, Phnom Penh",Street 105K,新金边｜奥凯德 Pochentong,老机场、森速,Orkide Pochentong；Orkide The Pochentong；奥凯德Pochentong,否,VERIFIED,V3 Registry + Web verification,https://www.orkide.com.kh/,
93,Piphup Thmey 森速社区,新世界生活/皮普特梅 Sen Sok社区；森速Piphup Thmey,Borey Piphup Thmey Sen Sok,Borey / 别墅社区,住宅,Piphup Thmey / Borey Piphup Thmey,project:piphup-thmey-sen-sok,project:piphup-thmey-sen-sok,PROJECT,08 森速 / 新金边 / 永旺2 / 598,"Sen Sok, Phnom Penh",,森速｜Piphup Thmey,永旺2方向,新世界生活/皮普特梅 Sen Sok社区；Borey Piphup Thmey Sen Sok；Piphup Thmey Sen Sok；森速Piphup Thmey,否,PARTIAL,V3 Registry,,具体官方子项目命名仍需继续核。
94,金边星河花园,星河花园,Phnom Penh Galaxy Garden,公寓,住宅,,project:xinghe-garden,project:xinghe-garden,PROJECT,08 森速 / 新金边 / 永旺2 / 598,Sen Sok / New Phnom Penh（项目市场定位）,,新金边｜金边星河花园,永旺2方向,Phnom Penh Galaxy Garden；星河花园,否,PARTIAL,V3 Registry,,中文项目名稳定，精确道路待复核。
95,Prince One Tropica（中文俗称待核）,太子One Tropica（搜索用）,Prince One Tropica,Borey / 别墅社区,住宅,太子 / Prince,project:new:prince-one-tropica,（V3缺失）,PROJECT,08 森速 / 新金边 / 永旺2 / 598,"Khmuonh, Sen Sok, Phnom Penh",Hanoi Friendship Blvd (1019)附近,森速｜Prince One Tropica,Hanoi Boulevard、新金边方向,Prince One Tropica；太子One Tropica,否,PARTIAL,Web verification,https://redcoralcambodia.com/prince-one-tropica/,真实项目已确认；未找到足够稳定的华人中文俗称，因此中文名不硬翻。
96,太子国际广场,太子系；太子国际,Prince International Plaza,公寓,住宅,太子 / Prince,project:prince-international-plaza,project:prince-international-plaza,PROJECT,08 森速 / 新金边 / 永旺2 / 598,Sen Sok / Toul Kork / Mean Chey交界（项目宣传口径）,Russian Federation Blvd附近,太子国际｜俄罗斯大道/老机场方向,俄罗斯大道、老机场方向,Prince International Plaza；太子系；太子国际,否,PARTIAL,V3 Registry,,identity确认；行政边界口径复杂，保留PARTIAL。
97,炳发 The Star Light,,The Star Light,Borey / 别墅社区,住宅,炳发 / Borey Peng Huoth,project:the-star-light,project:the-star-light,PROJECT,08 森速 / 新金边 / 永旺2 / 598,Phnom Penh（具体Sangkat以子项目官方页为准）,Street 598,北部/森速方向炳发｜炳发 The Star Light,,The Star Light,否,VERIFIED,V3 Registry + Web verification,https://boreypenghuoth.com/borey/en/project-listing/,道路来自炳发官方当前项目目录；“一号路炳发/铁桥头炳发/60米炳发/永旺3炳发”是family+市场地理表达，不是单一PROJECT。
98,炳发 The Star Natural,,The Star Natural,Borey / 别墅社区,住宅,炳发 / Borey Peng Huoth,project:the-star-natural,project:the-star-natural,PROJECT,08 森速 / 新金边 / 永旺2 / 598,Phnom Penh（具体Sangkat以子项目官方页为准）,Street 371 (Tomnup Thmey),北部/森速方向炳发｜炳发 The Star Natural,,The Star Natural,否,VERIFIED,V3 Registry + Web verification,https://boreypenghuoth.com/borey/en/project-listing/,道路来自炳发官方当前项目目录；“一号路炳发/铁桥头炳发/60米炳发/永旺3炳发”是family+市场地理表达，不是单一PROJECT。
99,炳发 The Star Premier,,The Star Premier,Borey / 别墅社区,住宅,炳发 / Borey Peng Huoth,project:the-star-premier,project:the-star-premier,PROJECT,08 森速 / 新金边 / 永旺2 / 598,Phnom Penh（具体Sangkat以子项目官方页为准）,Street 598,北部/森速方向炳发｜炳发 The Star Premier,,The Star Premier,否,VERIFIED,V3 Registry + Web verification,https://boreypenghuoth.com/borey/en/project-listing/,道路来自炳发官方当前项目目录；“一号路炳发/铁桥头炳发/60米炳发/永旺3炳发”是family+市场地理表达，不是单一PROJECT。
100,炳发 The Star Quateria,,The Star Quateria,Borey / 别墅社区,住宅,炳发 / Borey Peng Huoth,project:the-star-quateria,project:the-star-quateria,PROJECT,08 森速 / 新金边 / 永旺2 / 598,Phnom Penh（具体Sangkat以子项目官方页为准）,Street 1928 (Oknha Mong Reth Thy),北部/森速方向炳发｜炳发 The Star Quateria,,The Star Quateria,否,VERIFIED,V3 Registry + Web verification,https://boreypenghuoth.com/borey/en/project-listing/,道路来自炳发官方当前项目目录；“一号路炳发/铁桥头炳发/60米炳发/永旺3炳发”是family+市场地理表达，不是单一PROJECT。
101,炳发翡翠 II,炳发 The Star Emerald II,The Star Emerald II,Borey / 别墅社区,住宅,炳发 / Borey Peng Huoth,project:the-star-emerald-ii,project:the-star-emerald-ii,PROJECT,08 森速 / 新金边 / 永旺2 / 598,Phnom Penh（具体Sangkat以子项目官方页为准）,Street 1928 (Oknha Mong Reth Thy),北部/森速方向炳发｜炳发 The Star Emerald II,,炳发 The Star Emerald II；The Star Emerald II,否,VERIFIED,V3 Registry + Web verification,https://boreypenghuoth.com/borey/en/project-listing/,道路来自炳发官方当前项目目录；“一号路炳发/铁桥头炳发/60米炳发/永旺3炳发”是family+市场地理表达，不是单一PROJECT。
102,Chankiri Palm Creek（棕榈溪）,,Chankiri Palm Creek,Borey / 别墅社区,住宅,Chankiri,project:chankiri-palm-creek,project:chankiri-palm-creek,PROJECT,09 50米 / Chamkar Dong / NR2 / 南部,Prek Kampeus / south Phnom Penh,National Road 2 corridor,NR2 / 永旺3方向｜Chankiri Palm Creek,永旺3、60米大道方向,Chankiri Palm Creek；Chankiri；Palm Creek,否,PARTIAL,V3 Registry,,V3研究确认identity；本轮未取得更强一手地址页。
103,集茂 Land Riche Chamkar Dong,,Chip Mong Land Riche Chamkar Dong,Borey / 别墅社区,住宅,Chip Mong,project:chip-mong-landriche-chamkar-dong,project:chip-mong-landriche-chamkar-dong,PROJECT,09 50米 / Chamkar Dong / NR2 / 南部,Chamkar Dong / south Phnom Penh,Chamkar Dong Road,Chamkar Dong｜集茂 Land Riche,商场/道路地标按项目具体位置,Chip Mong Land Riche Chamkar Dong；Land Riche Chamkar Dong；Chamkar Dong Chip Mong,否,PARTIAL,V3 Registry + Web verification,https://www.chipmongland.com/,Chip Mong裸词只到family；必须结合598/271/60M/50M/6A/TK/Sen Sok等。
104,集茂50米,50米集茂,Chip Mong Park Land 50M,Borey / 别墅社区,住宅,Chip Mong,project:chip-mong-park-land-50m,project:chip-mong-park-land-50m,PROJECT,09 50米 / Chamkar Dong / NR2 / 南部,Chamkar Dong / south Phnom Penh,50m Boulevard,50米路｜集茂50米,商场/道路地标按项目具体位置,50米集茂；Chip Mong Park Land 50M；Park Land 50M；Chamkar Dong,否,VERIFIED,V3 Registry + Web verification,https://www.chipmongland.com/,Chip Mong裸词只到family；必须结合598/271/60M/50M/6A/TK/Sen Sok等。
105,Piphup Thmey Chamkar Dong,,Piphup Thmey Chamkar Dong,Borey / 别墅社区,住宅,Piphup Thmey / Borey Piphup Thmey,project:piphup-thmey-chamkar-dong,project:piphup-thmey-chamkar-dong,PROJECT,09 50米 / Chamkar Dong / NR2 / 南部,Chamkar Dong / south Phnom Penh,Chamkar Dong Road,Chamkar Dong｜Piphup Thmey,,Borey Piphup Thmey Chamkar Dong；Chamkar Dong Piphup Thmey,否,PARTIAL,V3 Registry,,
106,炳发 Chamkar Dong,,Borey Peng Huoth Chamkardong,Borey / 别墅社区,住宅,炳发 / Borey Peng Huoth,project:peng-huoth-chamkardong,project:peng-huoth-chamkardong,PROJECT,09 50米 / Chamkar Dong / NR2 / 南部,Phnom Penh（具体Sangkat以子项目官方页为准）,Chamkar Dong Street,50米/南部炳发｜炳发 Chamkar Dong,,Borey Peng Huoth Chamkardong,否,VERIFIED,V3 Registry + Web verification,https://boreypenghuoth.com/borey/en/project-listing/,道路来自炳发官方当前项目目录；“一号路炳发/铁桥头炳发/60米炳发/永旺3炳发”是family+市场地理表达，不是单一PROJECT。
107,炳发美拉花园,50米炳发；炳发 The Star Mera Garden；炳发Mera Garden,The Star Mera Garden,Borey / 别墅社区,住宅,炳发 / Borey Peng Huoth,project:the-star-mera-garden,project:the-star-mera-garden,PROJECT,09 50米 / Chamkar Dong / NR2 / 南部,Phnom Penh（具体Sangkat以子项目官方页为准）,Ring Road 2 / 50m Road,50米/南部炳发｜炳发 The Star Mera Garden,永旺3/60米大道方向,50米炳发；炳发 The Star Mera Garden；The Star Mera Garden；Mera Garden；炳发Mera Garden,否,VERIFIED,V3 Registry + Web verification,https://boreypenghuoth.com/borey/en/project-listing/,道路来自炳发官方当前项目目录；“一号路炳发/铁桥头炳发/60米炳发/永旺3炳发”是family+市场地理表达，不是单一PROJECT。
108,新世界 Kour Srov 1&2,新世界Kour Srov,Borey New World Kour Srov 1&2,Borey / 别墅社区,住宅,New World / 新世界 / Borey New World,project:new-world-kour-srov-1-2,project:new-world-kour-srov-1-2,PROJECT,10 4号路 / Kour Srov / Veng Sreng / 外围,"Prek Kampeus / Dangkao, Phnom Penh",,Kour Srov｜新世界1&2,南部外围,Borey New World Kour Srov 1&2；新世界Kour Srov；New World Kour Srov 1&2,否,PARTIAL,V3 Registry,,identity可确认；精确道路本轮不扩猜。
109,新世界 Kour Srov 3,新世界3；Kour Srov新世界,Borey New World Kour Srov 3,Borey / 别墅社区,住宅,New World / 新世界 / Borey New World,project:new-world-kour-srov-3,project:new-world-kour-srov-3,PROJECT,10 4号路 / Kour Srov / Veng Sreng / 外围,"Roluos / Dangkao, Phnom Penh",,Kour Srov｜新世界3,南部外围,Borey New World Kour Srov 3；新世界3；New World Kour Srov 3；Kour Srov新世界,否,PARTIAL,V3 Registry,,裸“新世界”只到family。
110,Piphup Thmey 4号路社区,,Borey Piphup Thmey National Road 4,Borey / 别墅社区,住宅,Piphup Thmey / Borey Piphup Thmey,project:piphup-thmey-nr4,project:piphup-thmey-nr4,PROJECT,10 4号路 / Kour Srov / Veng Sreng / 外围,National Road 4 corridor,National Road 4,4号路｜Piphup Thmey,,Borey Piphup Thmey National Road 4；Piphup Thmey NR4,否,NEEDS_VERIFICATION,V3 Registry,,具体官方子项目名证据不足；保留位置体系，不扩造phase。
111,Vila Town,维拉,Vila Town,Borey / 别墅社区,住宅,,project:vila-town,project:vila-town,PROJECT,10 4号路 / Kour Srov / Veng Sreng / 外围,待核,,Vila Town,,维拉,否,NEEDS_VERIFICATION,V3 Registry,,需进一步确认中文俗称与GEO。
112,炳发 The Star Eternal,,The Star Eternal,Borey / 别墅社区,住宅,炳发 / Borey Peng Huoth,project:the-star-eternal,project:the-star-eternal,PROJECT,10 4号路 / Kour Srov / Veng Sreng / 外围,Phnom Penh（具体Sangkat以子项目官方页为准）,Street 217 (Monireth),西南/外围炳发｜炳发 The Star Eternal,,The Star Eternal,否,VERIFIED,V3 Registry + Web verification,https://boreypenghuoth.com/borey/en/project-listing/,道路来自炳发官方当前项目目录；“一号路炳发/铁桥头炳发/60米炳发/永旺3炳发”是family+市场地理表达，不是单一PROJECT。
113,炳发 Veng Sreng,,Borey Peng Huoth Veng Sreng,Borey / 别墅社区,住宅,炳发 / Borey Peng Huoth,project:peng-huoth-veng-sreng,project:peng-huoth-veng-sreng,PROJECT,10 4号路 / Kour Srov / Veng Sreng / 外围,Phnom Penh（具体Sangkat以子项目官方页为准）,Veng Sreng Blvd,西南/外围炳发｜炳发 Veng Sreng,,Borey Peng Huoth Veng Sreng,否,VERIFIED,V3 Registry + Web verification,https://boreypenghuoth.com/borey/en/project-listing/,道路来自炳发官方当前项目目录；“一号路炳发/铁桥头炳发/60米炳发/永旺3炳发”是family+市场地理表达，不是单一PROJECT。